file;estado;calidad;FC_programa;FC_impreso;FC_estado;PR_programa;PR_impreso;PR_estado;QRS_programa;QRS_impreso;QRS_estado;QT_programa;QT_impreso;QT_estado;QTc_programa;QTc_impreso;QTc_estado;Eje_programa;Eje_impreso;Eje_estado;error
ptbxl_00102.png;processed;good;82.9;83.0;;236.6;258.0;ok;94.0;96.0;ok;373.8;390.0;doubtful;439.4;458.0;doubtful;24.1;24.0;ok;
ptbxl_00297.png;processed;insufficient;65.5;70.0;;163.0;162.0;doubtful;117.0;120.0;doubtful;400.2;408.0;doubtful;418.1;440.0;doubtful;107.2;107.0;doubtful;
ptbxl_00657.png;processed;good;76.6;77.0;;175.6;184.0;ok;91.0;80.0;ok;378.0;396.0;ok;427.2;448.0;ok;26.4;28.0;ok;
ptbxl_00743.png;processed;insufficient;83.8;84.0;;173.6;162.0;doubtful;85.0;82.0;doubtful;364.0;368.0;doubtful;430.1;434.0;doubtful;75.5;8.0;doubtful;
ptbxl_00989.png;processed;insufficient;76.4;76.0;;137.6;140.0;doubtful;89.5;88.0;doubtful;349.0;368.0;doubtful;393.8;414.0;doubtful;19.3;31.0;doubtful;
ptbxl_01202.png;processed;good;91.1;91.0;;290.6;300.0;ok;73.5;94.0;ok;344.0;336.0;doubtful;423.9;413.0;doubtful;32.4;31.0;ok;
ptbxl_01393.png;processed;good;54.6;55.0;;181.1;190.0;ok;99.5;96.0;ok;402.0;400.0;ok;383.4;382.0;ok;22.4;21.0;ok;
ptbxl_01528.png;processed;insufficient;113.6;109.0;;164.1;166.0;doubtful;105.0;92.0;doubtful;247.8;312.0;doubtful;340.9;420.0;doubtful;-63.5;-56.0;doubtful;
ptbxl_01661.png;processed;good;97.0;97.0;;200.1;182.0;doubtful;97.5;98.0;ok;326.5;364.0;ok;415.2;462.0;ok;5.3;4.0;ok;
ptbxl_01728.png;processed;insufficient;55.5;55.0;;155.7;156.0;doubtful;109.0;82.0;doubtful;403.0;400.0;doubtful;387.5;382.0;doubtful;65.9;40.0;doubtful;
ptbxl_01780.png;processed;good;60.3;60.0;;156.3;154.0;ok;77.5;84.0;ok;444.8;428.0;ok;446.0;428.0;ok;63.1;73.0;ok;
ptbxl_01825.png;processed;good;64.2;65.0;;172.2;190.0;ok;101.0;98.0;doubtful;370.0;390.0;ok;382.6;405.0;ok;45.7;43.0;ok;
ptbxl_01941.png;processed;good;118.2;118.0;;331.8;;ok;116.0;110.0;ok;287.8;316.0;ok;403.8;442.0;ok;-60.3;-60.0;ok;
ptbxl_02042.png;processed;good;84.8;85.0;;245.2;254.0;ok;136.0;144.0;doubtful;409.5;432.0;ok;486.9;514.0;ok;-92.6;-51.0;ok;
ptbxl_02083.png;processed;good;68.5;68.0;;165.1;152.0;ok;77.0;86.0;ok;404.2;406.0;ok;431.9;431.0;ok;67.4;71.0;ok;
ptbxl_02210.png;processed;insufficient;74.5;75.0;;143.4;154.0;doubtful;96.5;88.0;doubtful;387.0;426.0;doubtful;431.1;475.0;doubtful;0.3;7.0;doubtful;
ptbxl_02232.png;processed;good;67.7;68.0;;149.2;158.0;ok;101.0;94.0;ok;411.0;432.0;ok;436.6;459.0;ok;-20.1;-17.0;ok;
ptbxl_02334.png;processed;good;64.0;65.0;;158.9;158.0;doubtful;95.5;82.0;ok;387.2;386.0;ok;400.0;401.0;ok;64.8;59.0;ok;
ptbxl_02414.png;processed;acceptable;74.9;75.0;;184.9;176.0;doubtful;109.5;78.0;doubtful;419.2;398.0;ok;468.4;444.0;ok;45.7;44.0;doubtful;
ptbxl_02471.png;processed;good;106.1;106.0;;267.8;162.0;doubtful;97.0;82.0;doubtful;326.0;342.0;ok;433.6;454.0;ok;13.1;17.0;ok;
